ai,amazing,computer,help,human,language,learning,love,machine,natural,nlp,processing,understand
0.0,0.0,0.0,0.0,0.0,0.43779123108611473,0.0,0.43779123108611473,0.0,0.5552826649411127,0.0,0.5552826649411127,0.0
0.0,0.6676785446095399,0.0,0.0,0.0,0.0,0.5264054336099155,0.0,0.5264054336099155,0.0,0.0,0.0,0.0
0.0,0.0,0.4217647821447532,0.4217647821447532,0.4217647821447532,0.3325241986862672,0.0,0.0,0.0,0.0,0.4217647821447532,0.0,0.4217647821447532
0.5908190806023349,0.0,0.0,0.0,0.0,0.0,0.4658085493691629,0.4658085493691629,0.4658085493691629,0.0,0.0,0.0,0.0
